Part Number,Reference
106-0627-02,C12
106-0264-02,C128
106-0627-02,C13
106-0627-02,C135
106-0627-02,C136
106-0627-02,C137
106-0627-02,C138
106-0627-02,C139
106-0627-02,C14
106-0627-02,C140
106-0627-02,C141
106-0627-02,C142
106-0627-02,C146
106-0627-02,C15
106-0627-02,C172
106-0627-02,C173
106-0627-02,C174
106-0627-02,C175
106-0627-02,C176
106-0627-02,C177
106-0627-02,C178
106-0299-02,C182
106-0299-02,C183
106-0299-02,C184
106-0299-02,C19
106-0627-02,C190
106-0627-02,C193
106-0627-02,C194
106-0627-02,C195
106-0627-02,C196
106-0627-02,C198
106-0627-02,C2
106-0627-02,C200
106-0627-02,C202
106-0627-02,C203
106-0627-02,C205
106-0627-02,C206
106-0268-02,C215
106-0627-02,C231
106-0275-02,C24
106-0275-02,C25
106-0299-02,C252
106-0275-02,C26
106-0275-02,C27
106-0275-02,C29
106-0696-02,C3
106-0696-02,C4
106-0299-02,C492
106-0299-02,C497
106-0696-02,C5
106-0299-02,C501
106-0299-02,C504
106-0299-02,C507
106-0299-02,C511
106-0696-02,C6
106-0275-02,C64
106-0275-02,C85
106-0275-02,C86
106-0275-02,C87
106-0275-02,C88
106-0275-02,C89
106-0275-02,C92
106-0264-02,C96
029-0232-08,L22
029-22434-00,L4
029-22434-00,L5
029-22434-00,L6
029-22434-00,L7
029-22434-00,L8
029-22434-00,L9
015-0080-05,Q1
015-0050-07,Q2
114-2400-C4,R1
114-0000-C6,R10
114-4701-C6,R100
114-4701-C4,R102
114-0000-C6,R116
114-0000-C6,R117
114-1002-C4,R119
114-1002-C4,R12
114-0000-C6,R125
114-0000-C6,R126
114-0000-C6,R127
114-0000-C6,R128
114-0000-C6,R129
114-2000-C4,R130
114-0000-C6,R131
114-0000-C6,R132
114-0000-C6,R133
114-6041-C4,R138
114-1002-C4,R140
114-1002-C4,R153
114-1003-C4,R164
114-4701-C4,R18
114-2400-C4,R2
114-1003-C4,R24
114-1003-C4,R25
114-0000-C6,R28
114-0000-C6,R29
114-0000-C6,R31
114-0000-26,R32
114-1003-C4,R34
114-1001-C4,R354
114-1002-C4,R355
114-1002-C4,R356
114-4701-C4,R375
114-4701-C4,R376
114-4701-C4,R40
114-0000-C6,R41
114-2000-C4,R42
114-0000-C6,R47
114-2400-C4,R5
114-0000-C6,R52
114-0000-C6,R53
114-0000-C6,R59
114-4701-C6,R6
114-0000-C6,R60
114-0000-C6,R67
114-0000-C6,R7
114-0000-C6,R74
114-0000-C6,R75
114-0000-C6,R76
114-0000-C6,R77
114-0000-C6,R78
114-1003-C4,R8
114-0000-C6,R80
114-0000-C6,R81
114-0000-C6,R82
114-0000-C6,R88
114-0000-C6,R89
014-28306-00,U13
014-26058-151,U2
014-29722-00,U3
014-26750-00,U5
114-0000-C6,R134
114-0000-C6,R135
106-0696-02,C10
106-0627-02,C101
106-0696-02,C11
106-0299-02,C119
106-0268-02,C120
106-0299-02,C121
106-0627-02,C122
106-0258-02,C123
106-0299-02,C124
106-0627-02,C125
106-0258-02,C126
106-0264-02,C127
106-0264-02,C129
106-0264-02,C130
106-0264-02,C143
106-0242-02,C144
106-0242-02,C145
106-0264-02,C147
106-0264-02,C149
106-0758-02,C150
106-0264-02,C151
106-0264-02,C152
106-0264-02,C153
106-0758-02,C154
106-0264-02,C155
106-0264-02,C156
106-0264-02,C157
106-0758-02,C158
106-0264-02,C159
106-0696-02,C16
106-0264-02,C160
106-0264-02,C161
106-0264-02,C162
106-0275-02,C163
106-0758-02,C164
106-0264-02,C165
106-0264-02,C166
106-0264-02,C167
106-0264-02,C168
106-0264-02,C169
106-0299-02,C17
106-0264-02,C170
106-0264-02,C171
106-0299-02,C179
106-0299-02,C18
106-0299-02,C180
106-0299-02,C181
106-0502-02,C185
106-0299-02,C186
106-0299-02,C187
106-0299-02,C188
106-0627-02,C189
106-0299-02,C191
106-0299-02,C192
106-0627-02,C197
106-0627-02,C199
106-0246-02,C20
106-0627-02,C204
106-0291-02,C21
106-0264-02,C218
106-0275-02,C219
106-0291-02,C22
106-0264-02,C220
106-0264-02,C221
106-0264-02,C222
106-0264-02,C223
106-0264-02,C224
106-0275-02,C225
106-0275-02,C226
106-0633-02,C227
106-0299-02,C232
106-0299-02,C233
106-0758-02,C235
106-0264-02,C236
106-0264-02,C237
106-0264-02,C238
106-0264-02,C239
106-0264-02,C240
106-0264-02,C241
106-0275-02,C242
106-0758-02,C243
106-0696-02,C244
106-0264-02,C247
106-0264-02,C248
106-0264-02,C249
106-0264-02,C250
106-0299-02,C254
106-0264-02,C256
106-0264-02,C257
106-0264-02,C258
106-0275-02,C259
106-0275-02,C28
106-0696-02,C332
106-0264-02,C34
106-0758-02,C35
106-0264-02,C36
106-0264-02,C37
106-0264-02,C38
106-0264-02,C39
106-0758-02,C40
106-0264-02,C41
106-0264-02,C42
106-0758-02,C421
106-0264-02,C43
106-0275-02,C44
106-0264-02,C446
106-0264-02,C447
106-0264-02,C448
106-0264-02,C449
106-0758-02,C45
106-0264-02,C459
106-0264-02,C46
106-0264-02,C47
106-0299-02,C474
106-0696-02,C477
106-0264-02,C48
106-0264-02,C485
106-23576-02,C489
106-0696-02,C49
106-23576-02,C490
106-23576-02,C491
106-23576-02,C493
106-23576-02,C495
106-23576-02,C496
106-23576-02,C498
106-23576-02,C499
106-0758-02,C50
106-23576-02,C500
106-23576-02,C502
106-23576-02,C503
106-23576-02,C505
106-23576-02,C506
106-23576-02,C508
106-23576-02,C509
106-0264-02,C51
106-23576-02,C510
106-0696-02,C52
106-0627-02,C54
106-0299-02,C544
106-0696-02,C55
106-0696-02,C56
106-0696-02,C57
106-0696-02,C58
106-26035-00,C59
106-0696-02,C60
106-26035-00,C61
106-26035-00,C62
106-0696-02,C63
106-0299-02,C65
106-0299-02,C66
106-0299-02,C67
106-0696-02,C68
106-0696-02,C69
106-0696-02,C7
106-0696-02,C70
106-0696-02,C71
106-0696-02,C72
106-0696-02,C73
106-0696-02,C74
106-0696-02,C75
106-0696-02,C76
106-0696-02,C77
106-0696-02,C78
106-0696-02,C79
106-0696-02,C8
106-0696-02,C80
106-0696-02,C81
106-0696-02,C82
106-0696-02,C9
106-0275-02,C90
106-0275-02,C91
106-0275-02,C93
106-0275-02,C94
106-0264-02,C97
106-0264-02,C98
106-0627-02,C99
029-0232-08,L13
029-0232-08,L14
029-0232-08,L15
029-0232-08,L23
029-0232-08,L3
114-1002-C4,R101
114-4701-C4,R103
114-4701-C4,R104
114-0000-C6,R108
114-4701-C4,R109
114-4701-C4,R110
114-0000-C6,R111
114-0000-C6,R115
114-1002-C4,R123
114-1003-C4,R14
114-1002-C4,R141
114-0000-C6,R143
114-0000-C6,R147
114-4703-C4,R15
114-0000-C6,R163
114-1003-C4,R17
114-4701-C4,R20
114-1002-C4,R21
114-1002-C4,R22
114-0000-C6,R221
114-1002-C4,R23
114-1002-C4,R326
114-22R0-C4,R35
114-0000-C6,R353
114-1003-C6,R357
114-0000-C6,R38
114-0000-C6,R384
114-0000-C6,R49
114-0000-C6,R61
114-0000-C6,R64
114-0000-C6,R65
114-0000-C6,R68
114-0000-C6,R73
114-6802-C4,R84
114-6802-C4,R85
014-29719-00,U18
046-0153-01,Y2
046-0145-011,Y4
046-0170-01,Y5
