Board,Part Number,Reference
1,106-0627-02,C12
1,106-0264-02,C128
1,106-0627-02,C13
1,106-0627-02,C135
1,106-0627-02,C136
1,106-0627-02,C137
1,106-0627-02,C138
1,106-0627-02,C139
1,106-0627-02,C14
1,106-0627-02,C140
1,106-0627-02,C141
1,106-0627-02,C142
1,106-0627-02,C146
1,106-0627-02,C15
1,106-0627-02,C172
1,106-0627-02,C173
1,106-0627-02,C174
1,106-0627-02,C175
1,106-0627-02,C176
1,106-0627-02,C177
1,106-0627-02,C178
1,106-0299-02,C182
1,106-0299-02,C183
1,106-0299-02,C184
1,106-0299-02,C19
1,106-0627-02,C190
1,106-0627-02,C193
1,106-0627-02,C194
1,106-0627-02,C195
1,106-0627-02,C196
1,106-0627-02,C198
1,106-0627-02,C2
1,106-0627-02,C200
1,106-0627-02,C202
1,106-0627-02,C203
1,106-0627-02,C205
1,106-0627-02,C206
1,106-0268-02,C215
1,106-0627-02,C231
1,106-0275-02,C24
1,106-0275-02,C25
1,106-0299-02,C252
1,106-0275-02,C26
1,106-0275-02,C27
1,106-0275-02,C29
1,106-0696-02,C3
1,106-0696-02,C4
1,106-0299-02,C492
1,106-0299-02,C497
1,106-0696-02,C5
1,106-0299-02,C501
1,106-0299-02,C504
1,106-0299-02,C507
1,106-0299-02,C511
1,106-0696-02,C6
1,106-0275-02,C64
1,106-0275-02,C85
1,106-0275-02,C86
1,106-0275-02,C87
1,106-0275-02,C88
1,106-0275-02,C89
1,106-0275-02,C92
1,106-0264-02,C96
1,029-0232-08,L22
1,029-22434-00,L4
1,029-22434-00,L5
1,029-22434-00,L6
1,029-22434-00,L7
1,029-22434-00,L8
1,029-22434-00,L9
1,015-0080-05,Q1
1,015-0050-07,Q2
1,114-2400-C4,R1
1,114-0000-C6,R10
1,114-4701-C6,R100
1,114-4701-C4,R102
1,114-0000-C6,R116
1,114-0000-C6,R117
1,114-1002-C4,R119
1,114-1002-C4,R12
1,114-0000-C6,R125
1,114-0000-C6,R126
1,114-0000-C6,R127
1,114-0000-C6,R128
1,114-0000-C6,R129
1,114-2000-C4,R130
1,114-0000-C6,R131
1,114-0000-C6,R132
1,114-0000-C6,R133
1,114-6041-C4,R138
1,114-1002-C4,R140
1,114-1002-C4,R153
1,114-1003-C4,R164
1,114-4701-C4,R18
1,114-2400-C4,R2
1,114-1003-C4,R24
1,114-1003-C4,R25
1,114-0000-C6,R28
1,114-0000-C6,R29
1,114-0000-C6,R31
1,114-0000-26,R32
1,114-1003-C4,R34
1,114-1001-C4,R354
1,114-1002-C4,R355
1,114-1002-C4,R356
1,114-4701-C4,R375
1,114-4701-C4,R376
1,114-4701-C4,R40
1,114-0000-C6,R41
1,114-2000-C4,R42
1,114-0000-C6,R47
1,114-2400-C4,R5
1,114-0000-C6,R52
1,114-0000-C6,R53
1,114-0000-C6,R59
1,114-4701-C6,R6
1,114-0000-C6,R60
1,114-0000-C6,R67
1,114-0000-C6,R7
1,114-0000-C6,R74
1,114-0000-C6,R75
1,114-0000-C6,R76
1,114-0000-C6,R77
1,114-0000-C6,R78
1,114-1003-C4,R8
1,114-0000-C6,R80
1,114-0000-C6,R81
1,114-0000-C6,R82
1,114-0000-C6,R88
1,114-0000-C6,R89
1,014-28306-00,U13
1,014-26058-151,U2
1,014-29722-00,U3
1,014-26750-00,U5
2,106-0627-02,C12
2,106-0264-02,C128
2,106-0627-02,C13
2,106-0627-02,C135
2,106-0627-02,C136
2,106-0627-02,C137
2,106-0627-02,C138
2,106-0627-02,C139
2,106-0627-02,C14
2,106-0627-02,C140
2,106-0627-02,C141
2,106-0627-02,C142
2,106-0627-02,C146
2,106-0627-02,C15
2,106-0627-02,C172
2,106-0627-02,C173
2,106-0627-02,C174
2,106-0627-02,C175
2,106-0627-02,C176
2,106-0627-02,C177
2,106-0627-02,C178
2,106-0299-02,C182
2,106-0299-02,C183
2,106-0299-02,C184
2,106-0299-02,C19
2,106-0627-02,C190
2,106-0627-02,C193
2,106-0627-02,C194
2,106-0627-02,C195
2,106-0627-02,C196
2,106-0627-02,C198
2,106-0627-02,C2
2,106-0627-02,C200
2,106-0627-02,C202
2,106-0627-02,C203
2,106-0627-02,C205
2,106-0627-02,C206
2,106-0268-02,C215
2,106-0627-02,C231
2,106-0275-02,C24
2,106-0275-02,C25
2,106-0299-02,C252
2,106-0275-02,C26
2,106-0275-02,C27
2,106-0275-02,C29
2,106-0696-02,C3
2,106-0696-02,C4
2,106-0299-02,C492
2,106-0299-02,C497
2,106-0696-02,C5
2,106-0299-02,C501
2,106-0299-02,C504
2,106-0299-02,C507
2,106-0299-02,C511
2,106-0696-02,C6
2,106-0275-02,C64
2,106-0275-02,C85
2,106-0275-02,C86
2,106-0275-02,C87
2,106-0275-02,C88
2,106-0275-02,C89
2,106-0275-02,C92
2,106-0264-02,C96
2,029-0232-08,L22
2,029-22434-00,L4
2,029-22434-00,L5
2,029-22434-00,L6
2,029-22434-00,L7
2,029-22434-00,L8
2,029-22434-00,L9
2,015-0080-05,Q1
2,015-0050-07,Q2
2,114-2400-C4,R1
2,114-0000-C6,R10
2,114-4701-C6,R100
2,114-4701-C4,R102
2,114-0000-C6,R116
2,114-0000-C6,R117
2,114-1002-C4,R119
2,114-1002-C4,R12
2,114-0000-C6,R125
2,114-0000-C6,R126
2,114-0000-C6,R127
2,114-0000-C6,R128
2,114-0000-C6,R129
2,114-2000-C4,R130
2,114-0000-C6,R131
2,114-0000-C6,R132
2,114-0000-C6,R133
2,114-6041-C4,R138
2,114-1002-C4,R140
2,114-1002-C4,R153
2,114-1003-C4,R164
2,114-4701-C4,R18
2,114-2400-C4,R2
2,114-1003-C4,R24
2,114-1003-C4,R25
2,114-0000-C6,R28
2,114-0000-C6,R29
2,114-0000-C6,R31
2,114-0000-26,R32
2,114-1003-C4,R34
2,114-1001-C4,R354
2,114-1002-C4,R355
2,114-1002-C4,R356
2,114-4701-C4,R375
2,114-4701-C4,R376
2,114-4701-C4,R40
2,114-0000-C6,R41
2,114-2000-C4,R42
2,114-0000-C6,R47
2,114-2400-C4,R5
2,114-0000-C6,R52
2,114-0000-C6,R53
2,114-0000-C6,R59
2,114-4701-C6,R6
2,114-0000-C6,R60
2,114-0000-C6,R67
2,114-0000-C6,R7
2,114-0000-C6,R74
2,114-0000-C6,R75
2,114-0000-C6,R76
2,114-0000-C6,R77
2,114-0000-C6,R78
2,114-1003-C4,R8
2,114-0000-C6,R80
2,114-0000-C6,R81
2,114-0000-C6,R82
2,114-0000-C6,R88
2,114-0000-C6,R89
2,014-28306-00,U13
2,014-26058-151,U2
2,014-29722-00,U3
2,014-26750-00,U5
3,106-0627-02,C12
3,106-0264-02,C128
3,106-0627-02,C13
3,106-0627-02,C135
3,106-0627-02,C136
3,106-0627-02,C137
3,106-0627-02,C138
3,106-0627-02,C139
3,106-0627-02,C14
3,106-0627-02,C140
3,106-0627-02,C141
3,106-0627-02,C142
3,106-0627-02,C146
3,106-0627-02,C15
3,106-0627-02,C172
3,106-0627-02,C173
3,106-0627-02,C174
3,106-0627-02,C175
3,106-0627-02,C176
3,106-0627-02,C177
3,106-0627-02,C178
3,106-0299-02,C182
3,106-0299-02,C183
3,106-0299-02,C184
3,106-0299-02,C19
3,106-0627-02,C190
3,106-0627-02,C193
3,106-0627-02,C194
3,106-0627-02,C195
3,106-0627-02,C196
3,106-0627-02,C198
3,106-0627-02,C2
3,106-0627-02,C200
3,106-0627-02,C202
3,106-0627-02,C203
3,106-0627-02,C205
3,106-0627-02,C206
3,106-0268-02,C215
3,106-0627-02,C231
3,106-0275-02,C24
3,106-0275-02,C25
3,106-0299-02,C252
3,106-0275-02,C26
3,106-0275-02,C27
3,106-0275-02,C29
3,106-0696-02,C3
3,106-0696-02,C4
3,106-0299-02,C492
3,106-0299-02,C497
3,106-0696-02,C5
3,106-0299-02,C501
3,106-0299-02,C504
3,106-0299-02,C507
3,106-0299-02,C511
3,106-0696-02,C6
3,106-0275-02,C64
3,106-0275-02,C85
3,106-0275-02,C86
3,106-0275-02,C87
3,106-0275-02,C88
3,106-0275-02,C89
3,106-0275-02,C92
3,106-0264-02,C96
3,029-0232-08,L22
3,029-22434-00,L4
3,029-22434-00,L5
3,029-22434-00,L6
3,029-22434-00,L7
3,029-22434-00,L8
3,029-22434-00,L9
3,015-0080-05,Q1
3,015-0050-07,Q2
3,114-2400-C4,R1
3,114-0000-C6,R10
3,114-4701-C6,R100
3,114-4701-C4,R102
3,114-0000-C6,R116
3,114-0000-C6,R117
3,114-1002-C4,R119
3,114-1002-C4,R12
3,114-0000-C6,R125
3,114-0000-C6,R126
3,114-0000-C6,R127
3,114-0000-C6,R128
3,114-0000-C6,R129
3,114-2000-C4,R130
3,114-0000-C6,R131
3,114-0000-C6,R132
3,114-0000-C6,R133
3,114-6041-C4,R138
3,114-1002-C4,R140
3,114-1002-C4,R153
3,114-1003-C4,R164
3,114-4701-C4,R18
3,114-2400-C4,R2
3,114-1003-C4,R24
3,114-1003-C4,R25
3,114-0000-C6,R28
3,114-0000-C6,R29
3,114-0000-C6,R31
3,114-0000-26,R32
3,114-1003-C4,R34
3,114-1001-C4,R354
3,114-1002-C4,R355
3,114-1002-C4,R356
3,114-4701-C4,R375
3,114-4701-C4,R376
3,114-4701-C4,R40
3,114-0000-C6,R41
3,114-2000-C4,R42
3,114-0000-C6,R47
3,114-2400-C4,R5
3,114-0000-C6,R52
3,114-0000-C6,R53
3,114-0000-C6,R59
3,114-4701-C6,R6
3,114-0000-C6,R60
3,114-0000-C6,R67
3,114-0000-C6,R7
3,114-0000-C6,R74
3,114-0000-C6,R75
3,114-0000-C6,R76
3,114-0000-C6,R77
3,114-0000-C6,R78
3,114-1003-C4,R8
3,114-0000-C6,R80
3,114-0000-C6,R81
3,114-0000-C6,R82
3,114-0000-C6,R88
3,114-0000-C6,R89
3,014-28306-00,U13
3,014-26058-151,U2
3,014-29722-00,U3
3,014-26750-00,U5
4,106-0627-02,C12
4,106-0264-02,C128
4,106-0627-02,C13
4,106-0627-02,C135
4,106-0627-02,C136
4,106-0627-02,C137
4,106-0627-02,C138
4,106-0627-02,C139
4,106-0627-02,C14
4,106-0627-02,C140
4,106-0627-02,C141
4,106-0627-02,C142
4,106-0627-02,C146
4,106-0627-02,C15
4,106-0627-02,C172
4,106-0627-02,C173
4,106-0627-02,C174
4,106-0627-02,C175
4,106-0627-02,C176
4,106-0627-02,C177
4,106-0627-02,C178
4,106-0299-02,C182
4,106-0299-02,C183
4,106-0299-02,C184
4,106-0299-02,C19
4,106-0627-02,C190
4,106-0627-02,C193
4,106-0627-02,C194
4,106-0627-02,C195
4,106-0627-02,C196
4,106-0627-02,C198
4,106-0627-02,C2
4,106-0627-02,C200
4,106-0627-02,C202
4,106-0627-02,C203
4,106-0627-02,C205
4,106-0627-02,C206
4,106-0268-02,C215
4,106-0627-02,C231
4,106-0275-02,C24
4,106-0275-02,C25
4,106-0299-02,C252
4,106-0275-02,C26
4,106-0275-02,C27
4,106-0275-02,C29
4,106-0696-02,C3
4,106-0696-02,C4
4,106-0299-02,C492
4,106-0299-02,C497
4,106-0696-02,C5
4,106-0299-02,C501
4,106-0299-02,C504
4,106-0299-02,C507
4,106-0299-02,C511
4,106-0696-02,C6
4,106-0275-02,C64
4,106-0275-02,C85
4,106-0275-02,C86
4,106-0275-02,C87
4,106-0275-02,C88
4,106-0275-02,C89
4,106-0275-02,C92
4,106-0264-02,C96
4,029-0232-08,L22
4,029-22434-00,L4
4,029-22434-00,L5
4,029-22434-00,L6
4,029-22434-00,L7
4,029-22434-00,L8
4,029-22434-00,L9
4,015-0080-05,Q1
4,015-0050-07,Q2
4,114-2400-C4,R1
4,114-0000-C6,R10
4,114-4701-C6,R100
4,114-4701-C4,R102
4,114-0000-C6,R116
4,114-0000-C6,R117
4,114-1002-C4,R119
4,114-1002-C4,R12
4,114-0000-C6,R125
4,114-0000-C6,R126
4,114-0000-C6,R127
4,114-0000-C6,R128
4,114-0000-C6,R129
4,114-2000-C4,R130
4,114-0000-C6,R131
4,114-0000-C6,R132
4,114-0000-C6,R133
4,114-6041-C4,R138
4,114-1002-C4,R140
4,114-1002-C4,R153
4,114-1003-C4,R164
4,114-4701-C4,R18
4,114-2400-C4,R2
4,114-1003-C4,R24
4,114-1003-C4,R25
4,114-0000-C6,R28
4,114-0000-C6,R29
4,114-0000-C6,R31
4,114-0000-26,R32
4,114-1003-C4,R34
4,114-1001-C4,R354
4,114-1002-C4,R355
4,114-1002-C4,R356
4,114-4701-C4,R375
4,114-4701-C4,R376
4,114-4701-C4,R40
4,114-0000-C6,R41
4,114-2000-C4,R42
4,114-0000-C6,R47
4,114-2400-C4,R5
4,114-0000-C6,R52
4,114-0000-C6,R53
4,114-0000-C6,R59
4,114-4701-C6,R6
4,114-0000-C6,R60
4,114-0000-C6,R67
4,114-0000-C6,R7
4,114-0000-C6,R74
4,114-0000-C6,R75
4,114-0000-C6,R76
4,114-0000-C6,R77
4,114-0000-C6,R78
4,114-1003-C4,R8
4,114-0000-C6,R80
4,114-0000-C6,R81
4,114-0000-C6,R82
4,114-0000-C6,R88
4,114-0000-C6,R89
4,014-28306-00,U13
4,014-26058-151,U2
4,014-29722-00,U3
4,014-26750-00,U5
1,114-0000-C6,R134
2,114-0000-C6,R134
3,114-0000-C6,R134
4,114-0000-C6,R134
1,114-0000-C6,R135
2,114-0000-C6,R135
3,114-0000-C6,R135
4,114-0000-C6,R135
1,106-0696-02,C10
1,106-0627-02,C101
1,106-0696-02,C11
1,106-0299-02,C119
1,106-0268-02,C120
1,106-0299-02,C121
1,106-0627-02,C122
1,106-0258-02,C123
1,106-0299-02,C124
1,106-0627-02,C125
1,106-0258-02,C126
1,106-0264-02,C127
1,106-0264-02,C129
1,106-0264-02,C130
1,106-0264-02,C143
1,106-0242-02,C144
1,106-0242-02,C145
1,106-0264-02,C147
1,106-0264-02,C149
1,106-0758-02,C150
1,106-0264-02,C151
1,106-0264-02,C152
1,106-0264-02,C153
1,106-0758-02,C154
1,106-0264-02,C155
1,106-0264-02,C156
1,106-0264-02,C157
1,106-0758-02,C158
1,106-0264-02,C159
1,106-0696-02,C16
1,106-0264-02,C160
1,106-0264-02,C161
1,106-0264-02,C162
1,106-0275-02,C163
1,106-0758-02,C164
1,106-0264-02,C165
1,106-0264-02,C166
1,106-0264-02,C167
1,106-0264-02,C168
1,106-0264-02,C169
1,106-0299-02,C17
1,106-0264-02,C170
1,106-0264-02,C171
1,106-0299-02,C179
1,106-0299-02,C18
1,106-0299-02,C180
1,106-0299-02,C181
1,106-0502-02,C185
1,106-0299-02,C186
1,106-0299-02,C187
1,106-0299-02,C188
1,106-0627-02,C189
1,106-0299-02,C191
1,106-0299-02,C192
1,106-0627-02,C197
1,106-0627-02,C199
1,106-0246-02,C20
1,106-0627-02,C204
1,106-0291-02,C21
1,106-0264-02,C218
1,106-0275-02,C219
1,106-0291-02,C22
1,106-0264-02,C220
1,106-0264-02,C221
1,106-0264-02,C222
1,106-0264-02,C223
1,106-0264-02,C224
1,106-0275-02,C225
1,106-0275-02,C226
1,106-0633-02,C227
1,106-0299-02,C232
1,106-0299-02,C233
1,106-0758-02,C235
1,106-0264-02,C236
1,106-0264-02,C237
1,106-0264-02,C238
1,106-0264-02,C239
1,106-0264-02,C240
1,106-0264-02,C241
1,106-0275-02,C242
1,106-0758-02,C243
1,106-0696-02,C244
1,106-0264-02,C247
1,106-0264-02,C248
1,106-0264-02,C249
1,106-0264-02,C250
1,106-0299-02,C254
1,106-0264-02,C256
1,106-0264-02,C257
1,106-0264-02,C258
1,106-0275-02,C259
1,106-0275-02,C28
1,106-0696-02,C332
1,106-0264-02,C34
1,106-0758-02,C35
1,106-0264-02,C36
1,106-0264-02,C37
1,106-0264-02,C38
1,106-0264-02,C39
1,106-0758-02,C40
1,106-0264-02,C41
1,106-0264-02,C42
1,106-0758-02,C421
1,106-0264-02,C43
1,106-0275-02,C44
1,106-0264-02,C446
1,106-0264-02,C447
1,106-0264-02,C448
1,106-0264-02,C449
1,106-0758-02,C45
1,106-0264-02,C459
1,106-0264-02,C46
1,106-0264-02,C47
1,106-0299-02,C474
1,106-0696-02,C477
1,106-0264-02,C48
1,106-0264-02,C485
1,106-23576-02,C489
1,106-0696-02,C49
1,106-23576-02,C490
1,106-23576-02,C491
1,106-23576-02,C493
1,106-23576-02,C495
1,106-23576-02,C496
1,106-23576-02,C498
1,106-23576-02,C499
1,106-0758-02,C50
1,106-23576-02,C500
1,106-23576-02,C502
1,106-23576-02,C503
1,106-23576-02,C505
1,106-23576-02,C506
1,106-23576-02,C508
1,106-23576-02,C509
1,106-0264-02,C51
1,106-23576-02,C510
1,106-0696-02,C52
1,106-0627-02,C54
1,106-0299-02,C544
1,106-0696-02,C55
1,106-0696-02,C56
1,106-0696-02,C57
1,106-0696-02,C58
1,106-26035-00,C59
1,106-0696-02,C60
1,106-26035-00,C61
1,106-26035-00,C62
1,106-0696-02,C63
1,106-0299-02,C65
1,106-0299-02,C66
1,106-0299-02,C67
1,106-0696-02,C68
1,106-0696-02,C69
1,106-0696-02,C7
1,106-0696-02,C70
1,106-0696-02,C71
1,106-0696-02,C72
1,106-0696-02,C73
1,106-0696-02,C74
1,106-0696-02,C75
1,106-0696-02,C76
1,106-0696-02,C77
1,106-0696-02,C78
1,106-0696-02,C79
1,106-0696-02,C8
1,106-0696-02,C80
1,106-0696-02,C81
1,106-0696-02,C82
1,106-0696-02,C9
1,106-0275-02,C90
1,106-0275-02,C91
1,106-0275-02,C93
1,106-0275-02,C94
1,106-0264-02,C97
1,106-0264-02,C98
1,106-0627-02,C99
1,029-0232-08,L13
1,029-0232-08,L14
1,029-0232-08,L15
1,029-0232-08,L23
1,029-0232-08,L3
1,114-1002-C4,R101
1,114-4701-C4,R103
1,114-4701-C4,R104
1,114-0000-C6,R108
1,114-4701-C4,R109
1,114-4701-C4,R110
1,114-0000-C6,R111
1,114-0000-C6,R115
1,114-1002-C4,R123
1,114-1003-C4,R14
1,114-1002-C4,R141
1,114-0000-C6,R143
1,114-0000-C6,R147
1,114-4703-C4,R15
1,114-0000-C6,R163
1,114-1003-C4,R17
1,114-4701-C4,R20
1,114-1002-C4,R21
1,114-1002-C4,R22
1,114-0000-C6,R221
1,114-1002-C4,R23
1,114-1002-C4,R326
1,114-22R0-C4,R35
1,114-0000-C6,R353
1,114-1003-C6,R357
1,114-0000-C6,R38
1,114-0000-C6,R384
1,114-0000-C6,R49
1,114-0000-C6,R61
1,114-0000-C6,R64
1,114-0000-C6,R65
1,114-0000-C6,R68
1,114-0000-C6,R73
1,114-6802-C4,R84
1,114-6802-C4,R85
1,014-29719-00,U18
1,046-0153-01,Y2
1,046-0145-011,Y4
1,046-0170-01,Y5
2,106-0696-02,C10
2,106-0627-02,C101
2,106-0696-02,C11
2,106-0299-02,C119
2,106-0268-02,C120
2,106-0299-02,C121
2,106-0627-02,C122
2,106-0258-02,C123
2,106-0299-02,C124
2,106-0627-02,C125
2,106-0258-02,C126
2,106-0264-02,C127
2,106-0264-02,C129
2,106-0264-02,C130
2,106-0264-02,C143
2,106-0242-02,C144
2,106-0242-02,C145
2,106-0264-02,C147
2,106-0264-02,C149
2,106-0758-02,C150
2,106-0264-02,C151
2,106-0264-02,C152
2,106-0264-02,C153
2,106-0758-02,C154
2,106-0264-02,C155
2,106-0264-02,C156
2,106-0264-02,C157
2,106-0758-02,C158
2,106-0264-02,C159
2,106-0696-02,C16
2,106-0264-02,C160
2,106-0264-02,C161
2,106-0264-02,C162
2,106-0275-02,C163
2,106-0758-02,C164
2,106-0264-02,C165
2,106-0264-02,C166
2,106-0264-02,C167
2,106-0264-02,C168
2,106-0264-02,C169
2,106-0299-02,C17
2,106-0264-02,C170
2,106-0264-02,C171
2,106-0299-02,C179
2,106-0299-02,C18
2,106-0299-02,C180
2,106-0299-02,C181
2,106-0502-02,C185
2,106-0299-02,C186
2,106-0299-02,C187
2,106-0299-02,C188
2,106-0627-02,C189
2,106-0299-02,C191
2,106-0299-02,C192
2,106-0627-02,C197
2,106-0627-02,C199
2,106-0246-02,C20
2,106-0627-02,C204
2,106-0291-02,C21
2,106-0264-02,C218
2,106-0275-02,C219
2,106-0291-02,C22
2,106-0264-02,C220
2,106-0264-02,C221
2,106-0264-02,C222
2,106-0264-02,C223
2,106-0264-02,C224
2,106-0275-02,C225
2,106-0275-02,C226
2,106-0633-02,C227
2,106-0299-02,C232
2,106-0299-02,C233
2,106-0758-02,C235
2,106-0264-02,C236
2,106-0264-02,C237
2,106-0264-02,C238
2,106-0264-02,C239
2,106-0264-02,C240
2,106-0264-02,C241
2,106-0275-02,C242
2,106-0758-02,C243
2,106-0696-02,C244
2,106-0264-02,C247
2,106-0264-02,C248
2,106-0264-02,C249
2,106-0264-02,C250
2,106-0299-02,C254
2,106-0264-02,C256
2,106-0264-02,C257
2,106-0264-02,C258
2,106-0275-02,C259
2,106-0275-02,C28
2,106-0696-02,C332
2,106-0264-02,C34
2,106-0758-02,C35
2,106-0264-02,C36
2,106-0264-02,C37
2,106-0264-02,C38
2,106-0264-02,C39
2,106-0758-02,C40
2,106-0264-02,C41
2,106-0264-02,C42
2,106-0758-02,C421
2,106-0264-02,C43
2,106-0275-02,C44
2,106-0264-02,C446
2,106-0264-02,C447
2,106-0264-02,C448
2,106-0264-02,C449
2,106-0758-02,C45
2,106-0264-02,C459
2,106-0264-02,C46
2,106-0264-02,C47
2,106-0299-02,C474
2,106-0696-02,C477
2,106-0264-02,C48
2,106-0264-02,C485
2,106-23576-02,C489
2,106-0696-02,C49
2,106-23576-02,C490
2,106-23576-02,C491
2,106-23576-02,C493
2,106-23576-02,C495
2,106-23576-02,C496
2,106-23576-02,C498
2,106-23576-02,C499
2,106-0758-02,C50
2,106-23576-02,C500
2,106-23576-02,C502
2,106-23576-02,C503
2,106-23576-02,C505
2,106-23576-02,C506
2,106-23576-02,C508
2,106-23576-02,C509
2,106-0264-02,C51
2,106-23576-02,C510
2,106-0696-02,C52
2,106-0627-02,C54
2,106-0299-02,C544
2,106-0696-02,C55
2,106-0696-02,C56
2,106-0696-02,C57
2,106-0696-02,C58
2,106-26035-00,C59
2,106-0696-02,C60
2,106-26035-00,C61
2,106-26035-00,C62
2,106-0696-02,C63
2,106-0299-02,C65
2,106-0299-02,C66
2,106-0299-02,C67
2,106-0696-02,C68
2,106-0696-02,C69
2,106-0696-02,C7
2,106-0696-02,C70
2,106-0696-02,C71
2,106-0696-02,C72
2,106-0696-02,C73
2,106-0696-02,C74
2,106-0696-02,C75
2,106-0696-02,C76
2,106-0696-02,C77
2,106-0696-02,C78
2,106-0696-02,C79
2,106-0696-02,C8
2,106-0696-02,C80
2,106-0696-02,C81
2,106-0696-02,C82
2,106-0696-02,C9
2,106-0275-02,C90
2,106-0275-02,C91
2,106-0275-02,C93
2,106-0275-02,C94
2,106-0264-02,C97
2,106-0264-02,C98
2,106-0627-02,C99
2,029-0232-08,L13
2,029-0232-08,L14
2,029-0232-08,L15
2,029-0232-08,L23
2,029-0232-08,L3
2,114-1002-C4,R101
2,114-4701-C4,R103
2,114-4701-C4,R104
2,114-0000-C6,R108
2,114-4701-C4,R109
2,114-4701-C4,R110
2,114-0000-C6,R111
2,114-0000-C6,R115
2,114-1002-C4,R123
2,114-1003-C4,R14
2,114-1002-C4,R141
2,114-0000-C6,R143
2,114-0000-C6,R147
2,114-4703-C4,R15
2,114-0000-C6,R163
2,114-1003-C4,R17
2,114-4701-C4,R20
2,114-1002-C4,R21
2,114-1002-C4,R22
2,114-0000-C6,R221
2,114-1002-C4,R23
2,114-1002-C4,R326
2,114-22R0-C4,R35
2,114-0000-C6,R353
2,114-1003-C6,R357
2,114-0000-C6,R38
2,114-0000-C6,R384
2,114-0000-C6,R49
2,114-0000-C6,R61
2,114-0000-C6,R64
2,114-0000-C6,R65
2,114-0000-C6,R68
2,114-0000-C6,R73
2,114-6802-C4,R84
2,114-6802-C4,R85
2,014-29719-00,U18
2,046-0153-01,Y2
2,046-0145-011,Y4
2,046-0170-01,Y5
3,106-0696-02,C10
3,106-0627-02,C101
3,106-0696-02,C11
3,106-0299-02,C119
3,106-0268-02,C120
3,106-0299-02,C121
3,106-0627-02,C122
3,106-0258-02,C123
3,106-0299-02,C124
3,106-0627-02,C125
3,106-0258-02,C126
3,106-0264-02,C127
3,106-0264-02,C129
3,106-0264-02,C130
3,106-0264-02,C143
3,106-0242-02,C144
3,106-0242-02,C145
3,106-0264-02,C147
3,106-0264-02,C149
3,106-0758-02,C150
3,106-0264-02,C151
3,106-0264-02,C152
3,106-0264-02,C153
3,106-0758-02,C154
3,106-0264-02,C155
3,106-0264-02,C156
3,106-0264-02,C157
3,106-0758-02,C158
3,106-0264-02,C159
3,106-0696-02,C16
3,106-0264-02,C160
3,106-0264-02,C161
3,106-0264-02,C162
3,106-0275-02,C163
3,106-0758-02,C164
3,106-0264-02,C165
3,106-0264-02,C166
3,106-0264-02,C167
3,106-0264-02,C168
3,106-0264-02,C169
3,106-0299-02,C17
3,106-0264-02,C170
3,106-0264-02,C171
3,106-0299-02,C179
3,106-0299-02,C18
3,106-0299-02,C180
3,106-0299-02,C181
3,106-0502-02,C185
3,106-0299-02,C186
3,106-0299-02,C187
3,106-0299-02,C188
3,106-0627-02,C189
3,106-0299-02,C191
3,106-0299-02,C192
3,106-0627-02,C197
3,106-0627-02,C199
3,106-0246-02,C20
3,106-0627-02,C204
3,106-0291-02,C21
3,106-0264-02,C218
3,106-0275-02,C219
3,106-0291-02,C22
3,106-0264-02,C220
3,106-0264-02,C221
3,106-0264-02,C222
3,106-0264-02,C223
3,106-0264-02,C224
3,106-0275-02,C225
3,106-0275-02,C226
3,106-0633-02,C227
3,106-0299-02,C232
3,106-0299-02,C233
3,106-0758-02,C235
3,106-0264-02,C236
3,106-0264-02,C237
3,106-0264-02,C238
3,106-0264-02,C239
3,106-0264-02,C240
3,106-0264-02,C241
3,106-0275-02,C242
3,106-0758-02,C243
3,106-0696-02,C244
3,106-0264-02,C247
3,106-0264-02,C248
3,106-0264-02,C249
3,106-0264-02,C250
3,106-0299-02,C254
3,106-0264-02,C256
3,106-0264-02,C257
3,106-0264-02,C258
3,106-0275-02,C259
3,106-0275-02,C28
3,106-0696-02,C332
3,106-0264-02,C34
3,106-0758-02,C35
3,106-0264-02,C36
3,106-0264-02,C37
3,106-0264-02,C38
3,106-0264-02,C39
3,106-0758-02,C40
3,106-0264-02,C41
3,106-0264-02,C42
3,106-0758-02,C421
3,106-0264-02,C43
3,106-0275-02,C44
3,106-0264-02,C446
3,106-0264-02,C447
3,106-0264-02,C448
3,106-0264-02,C449
3,106-0758-02,C45
3,106-0264-02,C459
3,106-0264-02,C46
3,106-0264-02,C47
3,106-0299-02,C474
3,106-0696-02,C477
3,106-0264-02,C48
3,106-0264-02,C485
3,106-23576-02,C489
3,106-0696-02,C49
3,106-23576-02,C490
3,106-23576-02,C491
3,106-23576-02,C493
3,106-23576-02,C495
3,106-23576-02,C496
3,106-23576-02,C498
3,106-23576-02,C499
3,106-0758-02,C50
3,106-23576-02,C500
3,106-23576-02,C502
3,106-23576-02,C503
3,106-23576-02,C505
3,106-23576-02,C506
3,106-23576-02,C508
3,106-23576-02,C509
3,106-0264-02,C51
3,106-23576-02,C510
3,106-0696-02,C52
3,106-0627-02,C54
3,106-0299-02,C544
3,106-0696-02,C55
3,106-0696-02,C56
3,106-0696-02,C57
3,106-0696-02,C58
3,106-26035-00,C59
3,106-0696-02,C60
3,106-26035-00,C61
3,106-26035-00,C62
3,106-0696-02,C63
3,106-0299-02,C65
3,106-0299-02,C66
3,106-0299-02,C67
3,106-0696-02,C68
3,106-0696-02,C69
3,106-0696-02,C7
3,106-0696-02,C70
3,106-0696-02,C71
3,106-0696-02,C72
3,106-0696-02,C73
3,106-0696-02,C74
3,106-0696-02,C75
3,106-0696-02,C76
3,106-0696-02,C77
3,106-0696-02,C78
3,106-0696-02,C79
3,106-0696-02,C8
3,106-0696-02,C80
3,106-0696-02,C81
3,106-0696-02,C82
3,106-0696-02,C9
3,106-0275-02,C90
3,106-0275-02,C91
3,106-0275-02,C93
3,106-0275-02,C94
3,106-0264-02,C97
3,106-0264-02,C98
3,106-0627-02,C99
3,029-0232-08,L13
3,029-0232-08,L14
3,029-0232-08,L15
3,029-0232-08,L23
3,029-0232-08,L3
3,114-1002-C4,R101
3,114-4701-C4,R103
3,114-4701-C4,R104
3,114-0000-C6,R108
3,114-4701-C4,R109
3,114-4701-C4,R110
3,114-0000-C6,R111
3,114-0000-C6,R115
3,114-1002-C4,R123
3,114-1003-C4,R14
3,114-1002-C4,R141
3,114-0000-C6,R143
3,114-0000-C6,R147
3,114-4703-C4,R15
3,114-0000-C6,R163
3,114-1003-C4,R17
3,114-4701-C4,R20
3,114-1002-C4,R21
3,114-1002-C4,R22
3,114-0000-C6,R221
3,114-1002-C4,R23
3,114-1002-C4,R326
3,114-22R0-C4,R35
3,114-0000-C6,R353
3,114-1003-C6,R357
3,114-0000-C6,R38
3,114-0000-C6,R384
3,114-0000-C6,R49
3,114-0000-C6,R61
3,114-0000-C6,R64
3,114-0000-C6,R65
3,114-0000-C6,R68
3,114-0000-C6,R73
3,114-6802-C4,R84
3,114-6802-C4,R85
3,014-29719-00,U18
3,046-0153-01,Y2
3,046-0145-011,Y4
3,046-0170-01,Y5
4,106-0696-02,C10
4,106-0627-02,C101
4,106-0696-02,C11
4,106-0299-02,C119
4,106-0268-02,C120
4,106-0299-02,C121
4,106-0627-02,C122
4,106-0258-02,C123
4,106-0299-02,C124
4,106-0627-02,C125
4,106-0258-02,C126
4,106-0264-02,C127
4,106-0264-02,C129
4,106-0264-02,C130
4,106-0264-02,C143
4,106-0242-02,C144
4,106-0242-02,C145
4,106-0264-02,C147
4,106-0264-02,C149
4,106-0758-02,C150
4,106-0264-02,C151
4,106-0264-02,C152
4,106-0264-02,C153
4,106-0758-02,C154
4,106-0264-02,C155
4,106-0264-02,C156
4,106-0264-02,C157
4,106-0758-02,C158
4,106-0264-02,C159
4,106-0696-02,C16
4,106-0264-02,C160
4,106-0264-02,C161
4,106-0264-02,C162
4,106-0275-02,C163
4,106-0758-02,C164
4,106-0264-02,C165
4,106-0264-02,C166
4,106-0264-02,C167
4,106-0264-02,C168
4,106-0264-02,C169
4,106-0299-02,C17
4,106-0264-02,C170
4,106-0264-02,C171
4,106-0299-02,C179
4,106-0299-02,C18
4,106-0299-02,C180
4,106-0299-02,C181
4,106-0502-02,C185
4,106-0299-02,C186
4,106-0299-02,C187
4,106-0299-02,C188
4,106-0627-02,C189
4,106-0299-02,C191
4,106-0299-02,C192
4,106-0627-02,C197
4,106-0627-02,C199
4,106-0246-02,C20
4,106-0627-02,C204
4,106-0291-02,C21
4,106-0264-02,C218
4,106-0275-02,C219
4,106-0291-02,C22
4,106-0264-02,C220
4,106-0264-02,C221
4,106-0264-02,C222
4,106-0264-02,C223
4,106-0264-02,C224
4,106-0275-02,C225
4,106-0275-02,C226
4,106-0633-02,C227
4,106-0299-02,C232
4,106-0299-02,C233
4,106-0758-02,C235
4,106-0264-02,C236
4,106-0264-02,C237
4,106-0264-02,C238
4,106-0264-02,C239
4,106-0264-02,C240
4,106-0264-02,C241
4,106-0275-02,C242
4,106-0758-02,C243
4,106-0696-02,C244
4,106-0264-02,C247
4,106-0264-02,C248
4,106-0264-02,C249
4,106-0264-02,C250
4,106-0299-02,C254
4,106-0264-02,C256
4,106-0264-02,C257
4,106-0264-02,C258
4,106-0275-02,C259
4,106-0275-02,C28
4,106-0696-02,C332
4,106-0264-02,C34
4,106-0758-02,C35
4,106-0264-02,C36
4,106-0264-02,C37
4,106-0264-02,C38
4,106-0264-02,C39
4,106-0758-02,C40
4,106-0264-02,C41
4,106-0264-02,C42
4,106-0758-02,C421
4,106-0264-02,C43
4,106-0275-02,C44
4,106-0264-02,C446
4,106-0264-02,C447
4,106-0264-02,C448
4,106-0264-02,C449
4,106-0758-02,C45
4,106-0264-02,C459
4,106-0264-02,C46
4,106-0264-02,C47
4,106-0299-02,C474
4,106-0696-02,C477
4,106-0264-02,C48
4,106-0264-02,C485
4,106-23576-02,C489
4,106-0696-02,C49
4,106-23576-02,C490
4,106-23576-02,C491
4,106-23576-02,C493
4,106-23576-02,C495
4,106-23576-02,C496
4,106-23576-02,C498
4,106-23576-02,C499
4,106-0758-02,C50
4,106-23576-02,C500
4,106-23576-02,C502
4,106-23576-02,C503
4,106-23576-02,C505
4,106-23576-02,C506
4,106-23576-02,C508
4,106-23576-02,C509
4,106-0264-02,C51
4,106-23576-02,C510
4,106-0696-02,C52
4,106-0627-02,C54
4,106-0299-02,C544
4,106-0696-02,C55
4,106-0696-02,C56
4,106-0696-02,C57
4,106-0696-02,C58
4,106-26035-00,C59
4,106-0696-02,C60
4,106-26035-00,C61
4,106-26035-00,C62
4,106-0696-02,C63
4,106-0299-02,C65
4,106-0299-02,C66
4,106-0299-02,C67
4,106-0696-02,C68
4,106-0696-02,C69
4,106-0696-02,C7
4,106-0696-02,C70
4,106-0696-02,C71
4,106-0696-02,C72
4,106-0696-02,C73
4,106-0696-02,C74
4,106-0696-02,C75
4,106-0696-02,C76
4,106-0696-02,C77
4,106-0696-02,C78
4,106-0696-02,C79
4,106-0696-02,C8
4,106-0696-02,C80
4,106-0696-02,C81
4,106-0696-02,C82
4,106-0696-02,C9
4,106-0275-02,C90
4,106-0275-02,C91
4,106-0275-02,C93
4,106-0275-02,C94
4,106-0264-02,C97
4,106-0264-02,C98
4,106-0627-02,C99
4,029-0232-08,L13
4,029-0232-08,L14
4,029-0232-08,L15
4,029-0232-08,L23
4,029-0232-08,L3
4,114-1002-C4,R101
4,114-4701-C4,R103
4,114-4701-C4,R104
4,114-0000-C6,R108
4,114-4701-C4,R109
4,114-4701-C4,R110
4,114-0000-C6,R111
4,114-0000-C6,R115
4,114-1002-C4,R123
4,114-1003-C4,R14
4,114-1002-C4,R141
4,114-0000-C6,R143
4,114-0000-C6,R147
4,114-4703-C4,R15
4,114-0000-C6,R163
4,114-1003-C4,R17
4,114-4701-C4,R20
4,114-1002-C4,R21
4,114-1002-C4,R22
4,114-0000-C6,R221
4,114-1002-C4,R23
4,114-1002-C4,R326
4,114-22R0-C4,R35
4,114-0000-C6,R353
4,114-1003-C6,R357
4,114-0000-C6,R38
4,114-0000-C6,R384
4,114-0000-C6,R49
4,114-0000-C6,R61
4,114-0000-C6,R64
4,114-0000-C6,R65
4,114-0000-C6,R68
4,114-0000-C6,R73
4,114-6802-C4,R84
4,114-6802-C4,R85
4,014-29719-00,U18
4,046-0153-01,Y2
4,046-0145-011,Y4
4,046-0170-01,Y5
